Z,ion_charge,nele,parent_config,level_config,J,parity,term,level_meV,level_eV,has_nist_level,parent_config_id,element,E_nist_hartree,E_fac_hartree,E_pinn_hartree,ΔE_PINN_meV,ΔE_FAC_meV,ΔE_PINN_FAC_meV,E_nist_meV
1,0,1,1s1,1s1,0.5,0,2S,0.0,0.0,True,28115158,H,-0.5,-0.500005926820653,-0.4976102113723755,65.02946139256018,-0.1612770060004331,65.19073839856061,-13605.693122994
1,0,1,1s1,2s1,0.5,0,2S,10204.2698422455,10.2042698422455,True,28115158,H,-0.125,-0.12500197818850586,-0.12153201550245285,94.36866565785411,-0.05382925150042284,94.42249490935454,-3401.4232807485
1,0,1,1s1,3s1,0.5,0,2S,12093.949442661333,12.093949442661334,True,28115158,H,-0.05555555555555555,-0.05555626554023472,-0.06389924138784409,-227.04325789758113,-0.019319667333522864,-227.0239382302476,-1511.7436803326666
1,0,1,1s1,4s1,0.5,0,2S,12755.337302806875,12.755337302806874,True,28115158,H,-0.03125,-0.031223995107021448,-0.03043193556368351,22.260667350714467,0.707629187124955,21.553038163589513,-850.355820187125
1,0,1,1s1,5s1,0.5,0,2S,13061.465398074239,13.061465398074239,True,28115158,H,-0.02,-0.020000190805429502,-0.013513660989701748,176.5022761316453,-0.005192080239996359,176.50746821188528,-544.22772491976
1,0,1,1s1,6s1,0.5,0,2S,13227.757202910832,13.227757202910832,True,28115158,H,-0.013888888888888888,-0.013889009092865407,-0.01717374660074711,-89.38553196048639,-0.0032709168333619077,-89.38226104365303,-377.93592008316665
1,0,1,1s1,7s1,0.5,0,2S,13328.025916402286,13.328025916402286,True,28115158,H,-0.01020408163265306,-0.010204165436111846,-0.021150171756744385,-297.85828625004376,-0.002280408285756394,-297.85600584175796,-277.66720659171426
1,0,1,1s1,8s1,0.5,0,2S,13393.104167947218,13.393104167947218,True,28115158,H,-0.0078125,-0.007812563060117675,-0.03259781748056412,-674.4428471930684,-0.0017159532187589971,-674.4411312398496,-212.58895504678125
1,0,1,1s1,9s1,0.5,0,2S,13437.721602957037,13.437721602957037,True,28115158,H,-0.006172839506172839,-0.006172889336895346,-0.03130633756518364,-683.9173233965325,-0.001355963037044789,-683.9159674334956,-167.97152003696294
1,0,1,1s1,10s1,0.5,0,2S,13469.63619176406,13.46963619176406,True,28115158,H,-0.005,-0.005000041408035953,-0.03836957365274429,-908.0323575287697,-0.001126770060010808,-908.0312307587095,-136.05693122994
2,1,1,1s1,1s1,0.5,0,2S,0.0,0.0,True,28115158,He,-2.0,-2.0001040413008884,-2.0062530040740967,-170.15290905798133,-2.8311080240084614,-167.32180103397286,-54422.772491976
2,1,1,1s1,2s1,0.5,0,2S,40817.079368982,40.817079368982,True,28115158,He,-0.5,-0.5000329338975199,-0.5052021741867065,-141.55837111338025,-0.8961770059999076,-140.66219410738032,-13605.693122994
2,1,1,1s1,3s1,0.5,0,2S,48375.79777064533,48.375797770645335,True,28115158,He,-0.2222222222222222,-0.22223395476191893,-0.22280937433242798,-15.977222855956082,-0.31925866933378805,-15.657964186622294,-6046.974721330666
2,1,1,1s1,4s1,0.5,0,2S,51021.3492112275,51.021349211227495,True,28115158,He,-0.125,-0.12489987717921201,-0.13306500017642975,-219.45983487479126,2.724480748499759,-222.184315623291,-3401.4232807485
2,1,1,1s1,5s1,0.5,0,2S,52245.861592296955,52.245861592296954,True,28115158,He,-0.08,-0.08008717822383304,-0.07992898672819138,1.932369567775851,-2.3722403209601195,4.30460988873597,-2176.91089967904
2,1,1,1s1,6s1,0.5,0,2S,52911.02881164333,52.91102881164333,True,28115158,He,-0.05555555555555555,-0.05560604874450641,-0.0514628104865551,111.36926687893414,-1.3739896673335208,112.74325654626766,-1511.7436803326666
2,1,1,1s1,7s1,0.5,0,2S,53312.103665609146,53.31210366560914,True,28115158,He,-0.04081632653061224,-0.040848143124787795,-0.041509196162223816,-18.853943163897966,-0.8657736331428246,-17.98816953075514,-1110.668826366857
2,1,1,1s1,8s1,0.5,0,2S,53572.41667178887,53.57241667178887,True,28115158,He,-0.03125,-0.03127132415480893,-0.036588892340660095,-145.27866160744878,-0.5802598128751096,-144.6984017945737,-850.355820187125
2,1,1,1s1,9s1,0.5,0,2S,53750.88641182815,53.75088641182815,True,28115158,He,-0.024691358024691357,-0.024706339909423832,-0.04455326870083809,-540.4701229919414,-0.40767785214826135,-540.0624451397931,-671.8860801478518
2,1,1,1s1,10s1,0.5,0,2S,53878.54476705624,53.87854476705624,True,28115158,He,-0.02,-0.020010924841445146,-0.05701232701539993,-1007.1567262788637,-0.2972800802400227,-1006.8594461986237,-544.22772491976
3,2,1,1s1,1s1,0.5,0,2S,0.0,0.0,True,28115158,Li,-4.5,-4.50053447821153,-4.514673709869385,-399.291986917395,-14.543893054006757,-384.74809386338825,-122451.238106946
3,2,1,1s1,2s1,0.5,0,2S,91838.4285802095,91.8384285802095,True,28115158,Li,-1.125,-1.125167833171828,-1.127626895904541,-71.4814790864696,-4.566973263501045,-66.91450582296855,-30612.8095267365
3,2,1,1s1,3s1,0.5,0,2S,108845.544983952,108.845544983952,True,28115158,Li,-0.5,-0.5000597204784537,-0.5028359889984131,-77.17119202519113,-1.6250770059990098,-75.54611501919211,-13605.693122994
3,2,1,1s1,4s1,0.5,0,2S,114798.03572526187,114.79803572526187,True,28115158,Li,-0.28125,-0.2810435304863436,-0.29340261220932007,-330.68942472551794,5.618321684125108,-336.3077464096431,-7653.202381684125
3,2,1,1s1,5s1,0.5,0,2S,117553.18858266817,117.55318858266817,True,28115158,Li,-0.18,-0.1800148123920816,-0.1939905732870102,-380.70289351563645,-0.40306572215997893,-380.2998277934765,-4898.04952427784
3,2,1,1s1,6s1,0.5,0,2S,119049.8148261975,119.0498148261975,True,28115158,Li,-0.125,-0.1251184702323637,-0.1297875940799713,-130.27707169910497,-3.223739251500405,-127.05333244760457,-3401.4232807485
3,2,1,1s1,7s1,0.5,0,2S,119952.23324762056,119.95223324762057,True,28115158,Li,-0.09183673469387756,-0.09191144498817104,-0.09220419824123383,-9.999192518432361,-2.0329706745714287,-7.966221843860933,-2499.0048593254287
3,2,1,1s1,8s1,0.5,0,2S,120537.93751152497,120.53793751152497,True,28115158,Li,-0.0703125,-0.0703626027241554,-0.07967200875282288,-254.6852077457687,-1.363364578968745,-253.32184316679997,-1913.3005954210312
3,2,1,1s1,9s1,0.5,0,2S,120939.49442661334,120.93949442661334,True,28115158,Li,-0.05555555555555555,-0.055590773153757655,-0.05651382356882095,-26.075801036140376,-0.9583196673334378,-25.11748136880694,-1511.7436803326666
3,2,1,1s1,10s1,0.5,0,2S,121226.72572587655,121.22672572587655,True,28115158,Li,-0.045,-0.045025690309351406,-0.05006139352917671,-137.7275342653719,-0.6990689305400649,-137.02846533483182,-1224.51238106946
4,3,1,1s1,1s1,0.5,0,2S,0.0,0.0,True,28115158,Be,-8.0,-8.001697231874868,-8.016368865966797,-445.4195342313175,-46.184032096030364,-399.23550213528716,-217691.089967904
4,3,1,1s1,2s1,0.5,0,2S,163268.317475928,163.268317475928,True,28115158,Be,-2.0,-2.000531638039063,-1.983549952507019,447.6285960963514,-14.466608024002296,462.0952041203537,-54422.772491976
4,3,1,1s1,3s1,0.5,0,2S,193503.19108258132,193.50319108258134,True,28115158,Be,-0.8888888888888888,-0.8890779830655259,-0.8854472041130066,93.65301377346849,-5.145514677337551,98.79852845080605,-24187.898885322666
4,3,1,1s1,4s1,0.5,0,2S,204085.39684491,204.08539684490998,True,28115158,Be,-0.5,-0.4996708171015977,-0.4992802143096924,19.586366433295673,8.957522993998278,10.628843439297393,-13605.693122994
4,3,1,1s1,5s1,0.5,0,2S,208983.44636918782,208.98344636918782,True,28115158,Be,-0.32,-0.32038354280041054,-0.32479825615882874,-130.56720164507928,-10.43673128383882,-120.13047036124046,-8707.64359871616
4,3,1,1s1,6s1,0.5,0,2S,211644.11524657332,211.6441152465733,True,28115158,Be,-0.2222222222222222,-0.22244493739794124,-0.224664106965065,-66.44706890568031,-6.060388669333746,-60.386680236346564,-6046.974721330666
4,3,1,1s1,7s1,0.5,0,2S,213248.41466243658,213.24841466243657,True,28115158,Be,-0.16326530612244897,-0.16340589890585178,-0.16414403915405273,-23.911543930078107,-3.825724532572388,-20.085819397505716,-4442.675305467428
4,3,1,1s1,8s1,0.5,0,2S,214289.6666871555,214.2896666871555,True,28115158,Be,-0.125,-0.12509435716461811,-0.12261542677879333,64.88754295409434,-2.5675892514997742,67.45513220559413,-3401.4232807485
4,3,1,1s1,9s1,0.5,0,2S,215003.5456473126,215.0035456473126,True,28115158,Be,-0.09876543209876543,-0.0988317954729893,-0.10639094561338425,-207.50079357029418,-1.8058394085928782,-205.6949541617013,-2687.544320591407
4,3,1,1s1,10s1,0.5,0,2S,215514.17906822497,215.51417906822496,True,28115158,Be,-0.08,-0.08004843341346325,-0.07753545790910721,67.06360675477866,-1.317940320960138,68.38154707573881,-2176.91089967904
5,4,1,1s1,1s1,0.5,0,2S,0.0,0.0,True,28115158,B,-12.5,-12.504152045916687,-12.500178337097168,-4.8527996330258905,-112.98292515004266,108.13012551701677,-340142.32807485
5,4,1,1s1,2s1,0.5,0,2S,255106.7460561375,255.1067460561375,True,28115158,B,-3.125,-3.126299411245273,-3.1154580116271973,259.65073116706174,-35.35878128750074,295.00951245456247,-85035.5820187125
5,4,1,1s1,3s1,0.5,0,2S,302348.7360665333,302.3487360665333,True,28115158,B,-1.3888888888888888,-1.3893447602499138,-1.3787933588027954,274.7133685306808,-12.404891683335087,287.1182602140159,-37793.592008316664
5,4,1,1s1,4s1,0.5,0,2S,318883.4325701719,318.8834325701719,True,28115158,B,-0.78125,-0.7824907451431053,-0.7663434743881226,405.6272260105097,-33.76239532187329,439.38962133238294,-21258.895504678127
5,4,1,1s1,5s1,0.5,0,2S,326536.634951856,326.536634951856,True,28115158,B,-0.5,-0.500640120898235,-0.49337276816368103,180.3361652397838,-17.418577006000074,197.7547422457839,-13605.693122994
5,4,1,1s1,6s1,0.5,0,2S,330693.93007277086,330.69393007277085,True,28115158,B,-0.3472222222222222,-0.3475945339386945,-0.3412041962146759,163.75883012974364,-10.131117920834106,173.88994805057774,-9448.398002079166
5,4,1,1s1,7s1,0.5,0,2S,333200.6479100571,333.2006479100571,True,28115158,B,-0.25510204081632654,-0.2553373410376847,-0.25434228777885437,20.67393335421771,-6.402845207143037,27.076778561360744,-6941.680164792857
5,4,1,1s1,8s1,0.5,0,2S,334827.6041986805,334.8276041986805,True,28115158,B,-0.1953125,-0.19547055530051244,-0.19866067171096802,-91.10839364504122,-4.300903830469671,-86.80748981457155,-5314.723876169532
5,4,1,1s1,9s1,0.5,0,2S,335943.0400739259,335.94304007392594,True,28115158,B,-0.15432098765432098,-0.15443222561362827,-0.153164803981781,31.46136048479012,-3.0269390759260695,34.48829956071619,-4199.2880009240735
5,4,1,1s1,10s1,0.5,0,2S,336740.9047941015,336.7409047941015,True,28115158,B,-0.125,-0.125081226999298,-0.13597390055656433,-298.6150466697347,-2.210299251500345,-296.40474741823436,-3401.4232807485
6,5,1,1s1,1s1,0.5,0,2S,0.0,0.0,True,28115158,C,-18.0,-18.008620309531292,-18.002729415893555,-74.27119010545508,-234.57057221595244,160.29938211049736,-489804.952427784
6,5,1,1s1,2s1,0.5,0,2S,367353.714320838,367.353714320838,True,28115158,C,-4.5,-4.5026964040858015,-4.503518581390381,-95.74547725159906,-73.37289305400527,-22.372584197593774,-122451.238106946
6,5,1,1s1,3s1,0.5,0,2S,435382.179935808,435.382179935808,True,28115158,C,-2.0,-2.000949900449405,-1.9611438512802124,1057.3296708456924,-25.848108024000513,1083.177778869693,-54422.772491976
6,5,1,1s1,4s1,0.5,0,2S,459192.1429010475,459.1921429010475,True,28115158,C,-1.125,-1.1269209669360822,-1.0886363983154297,989.5040107341026,-52.272173263505856,1041.7761839976085,-30612.8095267365
6,5,1,1s1,5s1,0.5,0,2S,470212.7543306727,470.2127543306727,True,28115158,C,-0.72,-0.7202354419885384,-0.7000076770782471,544.0188209783375,-6.406702888642445,550.42552386698,-19592.19809711136
6,5,1,1s1,6s1,0.5,0,2S,476199.25930479,476.19925930479,True,28115158,C,-0.5,-0.5005789479765413,-0.4818941056728363,492.6864838654944,-15.753977005999715,508.44046087149405,-13605.693122994
6,5,1,1s1,7s1,0.5,0,2S,479808.93299048225,479.8089329904823,True,28115158,C,-0.3673469387755102,-0.3677132803726699,-0.35997021198272705,200.7309619895512,-9.968662698284813,210.699624687836,-9996.019437301715
6,5,1,1s1,8s1,0.5,0,2S,482151.7500460999,482.1517500460999,True,28115158,C,-0.28125,-0.28149630161268846,-0.2809107005596161,9.232808125334184,-6.70220831587542,15.935016441209605,-7653.202381684125
6,5,1,1s1,9s1,0.5,0,2S,483757.97770645336,483.75797770645335,True,28115158,C,-0.2222222222222222,-0.2223956892638004,-0.22477492690086365,-69.46263298245283,-4.720278669333146,-64.74235431311969,-6046.974721330666
6,5,1,1s1,10s1,0.5,0,2S,484906.9029035062,484.9069029035062,True,28115158,C,-0.18,-0.1801267379651659,-0.18655870854854584,-178.4715515893443,-3.448715722160076,-175.02283586718423,-4898.04952427784
7,6,1,1s1,1s1,0.5,0,2S,0.0,0.0,True,28115158,N,-24.5,-24.5159828304726,-24.508285522460938,-225.46055193437934,-434.9149732940222,209.45442135964288,-666678.963026706
7,6,1,1s1,2s1,0.5,0,2S,500009.2222700295,500.00922227002945,True,28115158,N,-6.125,-6.129998321000407,-6.127043724060059,-55.61256477847317,-136.01124332351353,80.39867854504035,-166669.7407566765
7,6,1,1s1,3s1,0.5,0,2S,592603.5226904054,592.6035226904054,True,28115158,N,-2.7222222222222223,-2.7239871916091243,-2.664987802505493,1557.4279014769081,-48.027263699333865,1605.455165176242,-74075.44033630067
7,6,1,1s1,4s1,0.5,0,2S,625011.5278375369,625.0115278375368,True,28115158,N,-1.53125,-1.5340807859854892,-1.490017056465149,1122.0055525858463,-77.02961083087771,1199.0351634167241,-41667.435189169126
7,6,1,1s1,5s1,0.5,0,2S,640011.8045056377,640.0118045056378,True,28115158,N,-0.98,-0.9814682118202505,-0.9527897834777832,740.427711623005,-39.9520789317608,780.3797905547659,-26667.15852106824
7,6,1,1s1,6s1,0.5,0,2S,648160.1029426308,648.1601029426307,True,28115158,N,-0.6805555555555556,-0.6814124805102065,-0.6706516742706299,269.4983389785251,-23.318115924832767,292.81645490335785,-18518.860084075168
7,6,1,1s1,7s1,0.5,0,2S,653073.269903712,653.073269903712,True,28115158,N,-0.5,-0.5005429005664193,-0.49145638942718506,232.48348723217416,-14.773077006000083,247.25656423817424,-13605.693122994
7,6,1,1s1,8s1,0.5,0,2S,656262.1042294137,656.2621042294137,True,28115158,N,-0.3828125,-0.3831778398109839,-0.3726860284805298,275.555327825301,-9.941402707719458,285.49673053302047,-10416.858797292281
7,6,1,1s1,9s1,0.5,0,2S,658448.3585448948,658.4483585448949,True,28115158,N,-0.30246913580246915,-0.30272662169919917,-0.3010624647140503,38.27747030802977,-7.006548188815297,45.284018496845064,-8230.604481811186
7,6,1,1s1,10s1,0.5,0,2S,660012.173396439,660.0121733964389,True,28115158,N,-0.245,-0.24518822891588976,-0.24053001403808594,121.63451452378764,-5.121969732939995,126.75648425672763,-6666.78963026706
8,7,1,1s1,1s1,0.5,0,2S,0.0,0.0,True,28115158,O,-32.0,-32.02728457571666,-32.02738571166992,-745.2031778715052,-742.4511283840365,-2.7520494874687578,-870764.359871616
8,7,1,1s1,2s1,0.5,0,2S,653073.269903712,653.073269903712,True,28115158,O,-8.0,-8.008531576818518,-8.007171630859375,-195.15001732809998,-232.15603209600818,37.00601476790821,-217691.089967904
8,7,1,1s1,3s1,0.5,0,2S,774012.7643303253,774.0127643303254,True,28115158,O,-3.5555555555555554,-3.558573011482537,-3.5040225982666016,1402.2832051877244,-82.10915870934674,1484.3923638970712,-96751.59554129066
8,7,1,1s1,4s1,0.5,0,2S,816341.58737964,816.3415873796399,True,28115158,O,-2.0,-2.0040232977120063,-1.9615569114685059,1046.0897305191986,-109.47950802400237,1155.569238543201,-54422.772491976
8,7,1,1s1,5s1,0.5,0,2S,835933.7854767513,835.9337854767513,True,28115158,O,-1.28,-1.2807437145962508,-1.244732141494751,959.6873198551849,-20.237505135358923,979.9248249905438,-34830.57439486464
8,7,1,1s1,6s1,0.5,0,2S,846576.4609862933,846.5764609862932,True,28115158,O,-0.8888888888888888,-0.8901120501926333,-0.8783156275749207,287.7130974941509,-33.283914677336384,320.99701217148726,-24187.898885322666
8,7,1,1s1,7s1,0.5,0,2S,852993.6586497463,852.9936586497463,True,28115158,O,-0.6530612244897959,-0.6538370790508035,-0.6470721960067749,162.96976728970702,-21.1120781302891,184.08184541999614,-17770.701221869713
8,7,1,1s1,8s1,0.5,0,2S,857158.666748622,857.158666748622,True,28115158,O,-0.5,-0.5005225634915272,-0.4938373565673828,167.6940707412476,-14.219677005999785,181.91374774724738,-13605.693122994
8,7,1,1s1,9s1,0.5,0,2S,860014.1825892504,860.0141825892504,True,28115158,O,-0.3950617283950617,-0.3954302732954837,-0.38694652915000916,220.8258211202752,-10.02861763437183,230.85443875464702,-10750.177282365628
8,7,1,1s1,10s1,0.5,0,2S,862056.7162728999,862.0567162728998,True,28115158,O,-0.32,-0.3202695600002709,-0.3195910155773163,11.129033094239189,-7.335101283839993,18.46413437807918,-8707.64359871616
9,8,1,1s1,1s1,0.5,0,2S,0.0,0.0,True,28115158,F,-40.5,-40.5437308495322,-40.539878845214844,-1085.1586601850836,-1189.9770374859554,104.8183773008719,-1102061.142962514
9,8,1,1s1,2s1,0.5,0,2S,826545.8572218855,826.5458572218855,True,28115158,F,-10.125,-10.138673476830911,-10.144998550415039,-544.1882797034915,-372.0742593714999,-172.11402033199164,-275515.2857406285
9,8,1,1s1,3s1,0.5,0,2S,979609.904855568,979.609904855568,True,28115158,F,-4.5,-4.504841021029328,-4.458256721496582,1135.8924745303543,-131.73089305400478,1267.6233675843591,-122451.238106946
9,8,1,1s1,4s1,0.5,0,2S,1033182.3215273569,1033.1823215273569,True,28115158,F,-2.53125,-2.53680986245887,-2.4856202602386475,1241.6484729500803,-151.2915648428793,1392.9400377929596,-68878.82143515712
9,8,1,1s1,5s1,0.5,0,2S,1057978.6972440134,1057.9786972440133,True,28115158,F,-1.62,-1.6228983632361276,-1.5818861722946167,1037.1300870042264,-78.8684814994362,1115.9985685036627,-44082.44571850057
9,8,1,1s1,6s1,0.5,0,2S,1071448.3334357776,1071.4483334357776,True,28115158,F,-1.125,-1.1266972150130834,-1.1046911478042603,552.6320213109557,-46.183573263501906,598.8155945744576,-30612.8095267365
9,8,1,1s1,7s1,0.5,0,2S,1079570.0992285851,1079.5700992285851,True,28115158,F,-0.826530612244898,-0.8276083657193454,-0.8137167096138,348.6840538132879,-29.32716607114335,378.0112198844313,-22491.04373392886
9,8,1,1s1,8s1,0.5,0,2S,1084841.4376037247,1084.8414376037247,True,28115158,F,-0.6328125,-0.633539006214421,-0.6253447532653809,203.2077407829371,-19.769241210721827,222.9769819936589,-17219.70535878928
9,8,1,1s1,9s1,0.5,0,2S,1088455.44983952,1088.45544983952,True,28115158,F,-0.5,-0.5005126999734554,-0.4928681552410126,194.06738238323206,-13.951277006002064,208.01865938923413,-13605.693122994
9,8,1,1s1,10s1,0.5,0,2S,1091040.5315328888,1091.0405315328887,True,28115158,F,-0.405,-0.4053751911160486,-0.4089718759059906,-108.08024939904303,-10.209470374860581,-97.87077902418245,-11020.611429625142
10,9,1,1s1,1s1,0.5,0,2S,0.0,0.0,True,28115158,Ne,-50.0,-50.06669479034232,-50.048831939697266,-1328.7847722430893,-1814.8577006000012,486.07292835691186,-1360569.3122994
10,9,1,1s1,2s1,0.5,0,2S,1020426.98422455,1020.42698422455,True,28115158,Ne,-12.5,-12.520852885627379,-12.521866798400879,-595.0258972494687,-567.435925150024,-27.589972099444697,-340142.32807485
10,9,1,1s1,3s1,0.5,0,2S,1209394.9442661332,1209.3949442661333,True,28115158,Ne,-5.555555555555555,-5.562943564564578,-5.516005516052246,1076.2114009686318,-201.0379667333527,1277.2493677019845,-151174.36803326666
10,9,1,1s1,4s1,0.5,0,2S,1275533.7302806876,1275.5337302806877,True,28115158,Ne,-3.125,-3.1325101495910608,-3.057321786880493,1841.617997633193,-204.36158128750364,2045.9795789206967,-85035.5820187125
10,9,1,1s1,5s1,0.5,0,2S,1306146.539807424,1306.146539807424,True,28115158,Ne,-2.0,-2.0039240965917253,-1.9650828838348389,950.143134566231,-106.78010802400286,1056.9232425902337,-54422.772491976
10,9,1,1s1,6s1,0.5,0,2S,1322775.7202910834,1322.7757202910834,True,28115158,Ne,-1.3888888888888888,-1.3911901678872187,-1.3593779802322388,803.032733926176,-62.620991683334765,865.6537256095107,-37793.592008316664
10,9,1,1s1,7s1,0.5,0,2S,1332802.5916402284,1332.8025916402285,True,28115158,Ne,-1.0204081632653061,-1.0218710229839816,-1.0073086023330688,356.45721217996373,-39.80644082857462,396.26365300853837,-27766.720659171428
10,9,1,1s1,8s1,0.5,0,2S,1339310.416794722,1339.310416794722,True,28115158,Ne,-0.78125,-0.7822368551009905,-0.7673051953315735,379.4574659574105,-26.853695321876057,406.3111612792865,-21258.895504678127
10,9,1,1s1,9s1,0.5,0,2S,1343772.1602957037,1343.7721602957038,True,28115158,Ne,-0.6172839506172839,-0.6179807948034746,-0.6149836778640747,62.59361035869803,-18.962096303704907,81.55570666240294,-16797.152003696294
10,9,1,1s1,10s1,0.5,0,2S,1346963.619176406,1346.963619176406,True,28115158,Ne,-0.5,-0.5005101789699541,-0.499880850315094,3.242228097065092,-13.88267700600103,17.124905103066123,-13605.693122994
11,10,1,1s1,1s1,0.5,0,2S,0.0,0.0,True,28115158,Z11,-60.5,-60.59770844063919,-60.588287353515625,-2402.421277149758,-2658.7821177261394,256.36084057638107,-1646288.867882274
11,10,1,1s1,2s1,0.5,0,2S,1234716.6509117056,1234.7166509117055,True,28115158,Z11,-15.125,-15.15554967585689,-15.152009010314941,-734.9526118017446,-831.2990294315487,96.34641762980402,-411572.2169705685
11,10,1,1s1,3s1,0.5,0,2S,1463367.8825620213,1463.3678825620214,True,28115158,Z11,-6.722222222222222,-6.733051647709164,-6.677825927734375,1208.0847171994415,-294.6836797473222,1502.7683969467637,-182920.98532025266
11,10,1,1s1,4s1,0.5,0,2S,1543395.813639632,1543.395813639632,True,28115158,Z11,-3.78125,-3.791202185269422,-3.7116167545318604,1894.8171379952414,-270.8127573578799,2165.6298953531214,-102893.05424264213
11,10,1,1s1,5s1,0.5,0,2S,1580437.313166983,1580.437313166983,True,28115158,Z11,-2.42,-2.425211112121491,-2.379723310470581,1095.9845554947576,-141.80158470904914,1237.7861402038068,-65851.55471529096
11,10,1,1s1,6s1,0.5,0,2S,1600558.6215522108,1600.5586215522108,True,28115158,Z11,-1.6805555555555556,-1.6836157623816268,-1.6490051746368408,858.5296013871971,-83.27246993683302,941.8020713240301,-45730.246330063164
11,10,1,1s1,7s1,0.5,0,2S,1612691.1358846766,1612.6911358846767,True,28115158,Z11,-1.2346938775510203,-1.2366410074004004,-1.2121520042419434,613.3956213214212,-52.9841024025732,666.3797237239944,-33597.731997597424
11,10,1,1s1,8s1,0.5,0,2S,1620565.6043216134,1620.5656043216134,True,28115158,Z11,-0.9453125,-0.9466269659010066,-0.9243946075439453,569.2048510737427,-35.76843933947094,604.9732904132136,-25723.263560660533
11,10,1,1s1,9s1,0.5,0,2S,1625964.3139578016,1625.9643139578016,True,28115158,Z11,-0.7469135802469136,-0.747842253093605,-0.7429636120796204,107.48410945957275,-25.270475527480965,132.7545849870537,-20324.55392447252
11,10,1,1s1,10s1,0.5,0,2S,1629825.9792034514,1629.8259792034514,True,28115158,Z11,-0.605,-0.6056801976573314,-0.6044183969497681,15.826225241705423,-18.509121177261054,34.33534641896647,-16462.88867882274
12,11,1,1s1,1s1,0.5,0,2S,0.0,0.0,True,28115158,Z12,-72.0,-72.1384777039582,-72.13059997558594,-3553.806379385548,-3768.1702888642135,214.3639094786653,-1959219.809711136
12,11,1,1s1,2s1,0.5,0,2S,1469414.857283352,1469.414857283352,True,28115158,Z12,-18.0,-18.04329663919234,-18.044614791870117,-1214.030333862124,-1178.1615722159866,-35.86876164613755,-489804.952427784
12,11,1,1s1,3s1,0.5,0,2S,1741528.719743232,1741.528719743232,True,28115158,Z12,-8.0,-8.01535445597365,-7.966362953186035,915.3106730291775,-417.81603209601496,1333.1267051251925,-217691.089967904
12,11,1,1s1,4s1,0.5,0,2S,1836768.57160419,1836.76857160419,True,28115158,Z12,-4.5,-4.512972433299169,-4.419384002685547,2193.6730405291155,-352.99789305401544,2546.6709335831306,-122451.238106946
12,11,1,1s1,5s1,0.5,0,2S,1880851.0173226907,1880.8510173226907,True,28115158,Z12,-2.88,-2.8868056588473827,-2.822859287261963,1554.8780046857714,-185.1914115545595,1740.0694162403308,-78368.79238844544
12,11,1,1s1,6s1,0.5,0,2S,1904797.03721916,1904.79703721916,True,28115158,Z12,-2.0,-2.0040015274135494,-1.9663347005844116,916.0794654844095,-108.88710802400267,1024.9665735084122,-54422.772491976
12,11,1,1s1,7s1,0.5,0,2S,1919235.731961929,1919.235731961929,True,28115158,Z12,-1.469387755102041,-1.471935999067501,-1.455499291419983,377.92434961585644,-69.34125079314155,447.265600408998,-39984.07774920686
12,11,1,1s1,8s1,0.5,0,2S,1928607.0001843995,1928.6070001843996,True,28115158,Z12,-1.125,-1.126721344618024,-1.114728331565857,279.50633715218976,-46.84017326350317,326.3465104156929,-30612.8095267365
12,11,1,1s1,9s1,0.5,0,2S,1935031.9108258134,1935.0319108258134,True,28115158,Z12,-0.8888888888888888,-0.8901056080364558,-0.8842681050300598,125.73793434182349,-33.108614677333165,158.84654901915664,-24187.898885322666
12,11,1,1s1,10s1,0.5,0,2S,1939627.6116140247,1939.6276116140248,True,28115158,Z12,-0.72,-0.7208915129376116,-0.7182709574699402,47.049644121197204,-24.25930288864418,71.30894700984138,-19592.19809711136
13,12,1,1s1,1s1,0.5,0,2S,0.0,0.0,True,28115158,Z13,-84.5,-84.69086577093366,-84.60901641845703,-2966.4878697885324,-5193.722214013961,2227.2343442254287,-2299362.137785986
13,12,1,1s1,2s1,0.5,0,2S,1724521.6033394895,1724.5216033394895,True,28115158,Z13,-21.125,-21.184677906109727,-21.17331886291504,-1314.8232417480735,-1623.9185535035767,309.0953117555031,-574840.5344464965
13,12,1,1s1,3s1,0.5,0,2S,2043877.4558097655,2043.8774558097655,True,28115158,Z13,-9.38888888888889,-9.410058042807472,-9.369258880615234,534.1597371463638,-576.042023779338,1110.2017609257018,-255484.6819762207
13,12,1,1s1,4s1,0.5,0,2S,2155652.004174362,2155.652004174362,True,28115158,Z13,-5.28125,-5.297915795129888,-5.186986446380615,2565.041966456479,-453.49938837588434,3018.541354832363,-143710.13361162413
13,12,1,1s1,5s1,0.5,0,2S,2207387.6522745467,2207.387652274547,True,28115158,Z13,-3.38,-3.388758509632919,-3.3015685081481934,2134.229618628568,-238.3311885605721,2372.56080718914,-91974.48551143943
13,12,1,1s1,6s1,0.5,0,2S,2235490.9672919307,2235.4909672919307,True,28115158,Z13,-2.3472222222222223,-2.3523776782756793,-2.317194938659668,817.084010938473,-140.2871059448359,957.371116883309,-63871.17049405517
13,12,1,1s1,7s1,0.5,0,2S,2252436.3798719863,2252.4363798719864,True,28115158,Z13,-1.7244897959183674,-1.7277753979524597,-1.7138850688934326,288.56932310876687,-89.40578600029046,377.97510910905737,-46925.75791399972
13,12,1,1s1,8s1,0.5,0,2S,2263434.60438308,2263.4346043830797,True,28115158,Z13,-1.3203125,-1.3225331805837715,-1.3175718784332275,74.57611200753023,-60.42779709397105,135.00390910150128,-35927.53340290603
13,12,1,1s1,9s1,0.5,0,2S,2270974.9508997393,2270.9749508997393,True,28115158,Z13,-1.0432098765432098,-1.0447802233593175,-1.0395658016204834,99.16033023162825,-42.73131375326361,141.89164398489186,-28387.18688624674
13,12,1,1s1,10s1,0.5,0,2S,2276368.5164081263,2276.368516408126,True,28115158,Z13,-0.845,-0.8461510116337699,-0.8323008418083191,345.561698552731,-31.32062214014008,376.8823206928711,-22993.621377859858
14,13,1,1s1,1s1,0.5,0,2S,0.0,0.0,True,28115158,Z14,-98.0,-98.25691774134465,-98.19046020507812,-5182.6862048709445,-6991.087893176141,1808.401688305196,-2666715.852106824
14,13,1,1s1,2s1,0.5,0,2S,2000036.889080118,2000.0368890801178,True,28115158,Z14,-24.5,-24.580332069580482,-24.561832427978516,-1682.5460802506236,-2185.946973294082,503.4008930434583,-666678.963026706
14,13,1,1s1,3s1,0.5,0,2S,2370414.0907616215,2370.4140907616215,True,28115158,Z14,-10.88888888888889,-10.91739058475202,-10.941471099853516,-1430.8348522264725,-775.5706547973361,-655.2641974291365,-296301.7613452027
14,13,1,1s1,4s1,0.5,0,2S,2500046.1113501475,2500.0461113501474,True,28115158,Z14,-6.125,-6.146135720103503,-6.062088966369629,1711.8964352503685,-575.1322433235184,2287.0286785738867,-166669.7407566765
14,13,1,1s1,5s1,0.5,0,2S,2560047.218022551,2560.047218022551,True,28115158,Z14,-3.92,-3.9311250089572956,-3.85331654548645,1814.5492369849737,-302.7269157270474,2117.276152712021,-106668.63408427296
14,13,1,1s1,6s1,0.5,0,2S,2592640.411770523,2592.640411770523,True,28115158,Z14,-2.7222222222222223,-2.728777135010821,-2.6937344074249268,775.1929317533819,-178.36826369933033,953.5611954527122,-74075.44033630067
14,13,1,1s1,7s1,0.5,0,2S,2612293.079614848,2612.293079614848,True,28115158,Z14,-2.0,-2.004180349615256,-1.9746533632278442,689.717123243893,-113.75310802400247,803.4702312678954,-54422.772491976
14,13,1,1s1,8s1,0.5,0,2S,2625048.4169176547,2625.048416917655,True,28115158,Z14,-1.53125,-1.5340768391082875,-1.5185524225234985,345.51868510143896,-76.92221083087588,422.44089593231485,-41667.435189169126
14,13,1,1s1,9s1,0.5,0,2S,2633793.4341795794,2633.7934341795794,True,28115158,Z14,-1.2098765432098766,-1.2118762933241614,-1.2103959321975708,-14.133294356059958,-54.41597275526154,40.28267839920158,-32922.41792724474
14,13,1,1s1,10s1,0.5,0,2S,2640048.693585756,2640.0486935857557,True,28115158,Z14,-0.98,-0.9814661942824631,-0.9711803197860718,239.99572486729846,-39.89717893176223,279.89290379906066,-26667.15852106824
15,14,1,1s1,1s1,0.5,0,2S,0.0,0.0,True,28115158,Z15,-112.5,-112.83883379710983,-113.11377716064453,-16701.727387264164,-9220.137326350265,-7481.590060913901,-3061280.95267365
15,14,1,1s1,2s1,0.5,0,2S,2295960.7145052375,2295.9607145052373,True,28115158,Z15,-28.125,-28.230949392123033,-28.21224021911621,-2373.927298555842,-2883.0298315875016,509.10253303166,-765320.2381684125
15,14,1,1s1,3s1,0.5,0,2S,2721138.6245988,2721.1386245988,True,28115158,Z15,-12.5,-12.537595693063997,-12.528072357177734,-763.8877539986637,-1023.0309251500319,259.1431711513681,-340142.32807485
15,14,1,1s1,4s1,0.5,0,2S,2869950.8931315467,2869.9508931315468,True,28115158,Z15,-7.03125,-7.057744330401972,-6.993376731872559,1030.5841274136749,-720.9474578968832,1751.531585310558,-191330.05954210312
15,14,1,1s1,5s1,0.5,0,2S,2938829.714566704,2938.829714566704,True,28115158,Z15,-4.5,-4.513965069240456,-4.430063247680664,1903.0759801514473,-380.00889305400955,2283.084873205457,-122451.238106946
15,14,1,1s1,6s1,0.5,0,2S,2976245.3706549373,2976.2453706549372,True,28115158,Z15,-3.125,-3.1332355628361475,-3.083514928817749,1128.8662953825374,-224.10108128751287,1352.9673766700503,-85035.5820187125
15,14,1,1s1,7s1,0.5,0,2S,2998805.8311905144,2998.8058311905143,True,28115158,Z15,-2.295918367346939,-2.301173734183877,-2.2542648315429688,1133.4504512729245,-143.00581686428075,1276.4562681372054,-62475.12148313572
15,14,1,1s1,8s1,0.5,0,2S,3013448.437788124,3013.448437788124,True,28115158,Z15,-1.7578125,-1.761367868829785,-1.7352590560913086,613.7104733766272,-96.74651447422357,710.4569878508507,-47832.51488552578
15,14,1,1s1,9s1,0.5,0,2S,3023487.3606653335,3023.4873606653337,True,28115158,Z15,-1.3888888888888888,-1.3914048684521656,-1.4022808074951172,-364.41266976891285,-68.46329168333612,-295.9493780855767,-37793.592008316664
15,14,1,1s1,10s1,0.5,0,2S,3030668.1431469135,3030.6681431469133,True,28115158,Z15,-1.125,-1.1268451788089593,-1.1313095092773438,-171.6904939684454,-50.20987326350338,-121.48062070494203,-30612.8095267365
16,15,1,1s1,1s1,0.5,0,2S,0.0,0.0,True,28115158,Z16,-128.0,-128.43900484912993,-129.68777465820312,-45926.68812055561,-11945.930513536205,-33980.75760701941,-3483057.439486464
16,15,1,1s1,2s1,0.5,0,2S,2612293.079614848,2612.293079614848,True,28115158,Z16,-32.0,-32.13727665671332,-32.21549606323242,-5863.946611107285,-3735.4881283840073,-2128.458482723278,-870764.359871616
16,15,1,1s1,3s1,0.5,0,2S,3096051.057321301,3096.0510573213014,True,28115158,Z16,-14.222222222222221,-14.270940241321039,-14.336362838745117,-3105.9244025597163,-1325.684834837348,-1780.239567722368,-387006.38216516265
16,15,1,1s1,4s1,0.5,0,2S,3265366.34951856,3265.3663495185597,True,28115158,Z16,-8.0,-11.33468806814187,-7.942105293273926,1575.395226321405,-90741.485032096,92316.8802584174,-217691.089967904
16,15,1,1s1,5s1,0.5,0,2S,3343735.141907005,3343.735141907005,True,28115158,Z16,-5.12,-5.137343233316936,-5.029330253601074,2467.249490086952,-471.9334205414298,2939.1829106283817,-139322.29757945857
16,15,1,1s1,6s1,0.5,0,2S,3386305.843945173,3386.305843945173,True,28115158,Z16,-3.5555555555555554,-3.565791361118398,-3.4905848503112793,1767.942955076234,-278.53045870933784,2046.473413785572,-96751.59554129066
16,15,1,1s1,7s1,0.5,0,2S,3411974.6345989853,3411.974634598985,True,28115158,Z16,-2.6122448979591835,-2.6187802104535027,-2.546508312225342,1788.7836248960703,-177.83491252115286,1966.618537417223,-71082.80488747885
16,15,1,1s1,8s1,0.5,0,2S,3428634.666994488,3428.634666994488,True,28115158,Z16,-2.0,-2.004423023764243,-1.9638806581497192,982.8573620388687,-120.35660802400231,1103.213970062871,-54422.772491976
16,15,1,1s1,9s1,0.5,0,2S,3440056.7303570015,3440.0567303570015,True,28115158,Z16,-1.5802469135802468,-1.5833778297991896,-1.5856292247772217,-146.46014887698874,-85.19657053748064,-61.26357833950811,-43000.70912946251
16,15,1,1s1,10s1,0.5,0,2S,3448226.8650915995,3448.2268650915994,True,28115158,Z16,-1.28,-1.282296707877004,-1.2852951288223267,-144.0877956065936,-62.49660513535836,-81.59119047123524,-34830.57439486464
17,16,1,1s1,1s1,0.5,0,2S,0.0,0.0,True,28115158,Z17,-144.5,-145.05997431799275,-145.40296936035156,-24571.04803281909,-15237.677454734545,-9333.370578084545,-3932045.312545266
17,16,1,1s1,2s1,0.5,0,2S,2949033.9844089495,2949.0339844089494,True,28115158,Z17,-36.125,-36.30011242612221,-36.312355041503906,-5098.190399495906,-4765.05186368354,-333.1385358123649,-983011.3281363165
17,16,1,1s1,3s1,0.5,0,2S,3495151.388929126,3495.151388929126,True,28115158,Z17,-16.055555555555557,-16.117703524371688,-16.519140243530273,-12614.782002205833,-1691.1323838593535,-10923.64961834648,-436893.92361614073
17,16,1,1s1,4s1,0.5,0,2S,3686292.480511187,3686.292480511187,True,28115158,Z17,-9.03125,-13.295972712648679,-9.069018363952637,-1027.7295393942477,-116049.01696592089,115021.28742652664,-245752.83203407913
17,16,1,1s1,5s1,0.5,0,2S,3774763.5000434555,3774.7635000434557,True,28115158,Z17,-5.78,-5.801328810408362,-5.691897392272949,2397.3940881395524,-580.3864981893689,2977.7805863289213,-157281.81250181064
17,16,1,1s1,6s1,0.5,0,2S,3822821.8316412307,3822.821831641231,True,28115158,Z17,-4.013888888888889,-4.026485714822936,-3.923778772354126,2452.0211856984342,-342.77709596482504,2794.7982816632593,-109223.48090403518
17,16,1,1s1,7s1,0.5,0,2S,3851799.4898402602,3851.7994898402603,True,28115158,Z17,-2.9489795918367347,-2.9570262048617093,-2.862774610519409,2345.7570429539255,-218.95949499458058,2564.716537948506,-80245.82270500543
17,16,1,1s1,8s1,0.5,0,2S,3870607.104536746,3870.607104536746,True,28115158,Z17,-2.2578125,-2.263260252280613,-2.213620662689209,1202.521153983798,-148.2408914802255,1350.7620454640235,-61438.20800851978
17,16,1,1s1,9s1,0.5,0,2S,3883501.5432545836,3883.501543254584,True,28115158,Z17,-1.7839506172839505,-1.7878079293800286,-1.7793515920639038,125.14585161773172,-104.96280931770252,230.10866093543424,-48543.76929068229
17,16,1,1s1,10s1,0.5,0,2S,3892724.8594198134,3892.7248594198136,True,28115158,Z17,-1.445,-1.4478301488888203,-1.4360451698303223,243.6733425143288,-77.01227454734217,320.68561706167094,-39320.45312545266
18,17,1,1s1,1s1,0.5,0,2S,0.0,0.0,True,28115158,Z18,-162.0,-162.70446790092404,-671.500732421875,-13864221.222545423,-19169.548149944567,-13845051.674395477,-4408244.571850056
18,17,1,1s1,2s1,0.5,0,2S,3306183.428887542,3306.183428887542,True,28115158,Z18,-40.5,-40.72031171007945,-40.67791748046875,-4841.381280948182,-5994.987037486043,1153.6057565378605,-1102061.142962514
18,17,1,1s1,3s1,0.5,0,2S,3918439.619422272,3918.439619422272,True,28115158,Z18,-18.0,-18.078192031562878,-18.254161834716797,-6916.095853467722,-2127.7135722159614,-4788.38228125176,-489804.952427784
18,17,1,1s1,4s1,0.5,0,2S,4132729.2861094275,4132.729286109427,True,28115158,Z18,-10.125,-15.500808308220211,-10.133450508117676,-229.9500403649327,-146283.19625937147,146053.24621900654,-275515.2857406285
18,17,1,1s1,5s1,0.5,0,2S,4231914.788976054,4231.914788976053,True,28115158,Z18,-6.48,-6.505995703401625,-6.389916896820068,2451.2861148663214,-707.3791259977603,3158.6652408640816,-176329.78287400227
18,17,1,1s1,6s1,0.5,0,2S,4285793.33374311,4285.79333374311,True,28115158,Z18,-4.5,-4.515362609213474,-4.410634994506836,2431.745681349327,-418.0378930540146,2849.7835744033414,-122451.238106946
18,17,1,1s1,7s1,0.5,0,2S,4318280.396914341,4318.280396914341,True,28115158,Z18,-3.306122448979592,-3.315939951912724,-3.214193105697632,2501.524867385439,-267.1478642845748,2768.672731670014,-89964.17493571543
18,17,1,1s1,8s1,0.5,0,2S,4339365.750414899,4339.365750414899,True,28115158,Z18,-2.53125,-2.5378987338501378,-2.472118616104126,1609.0469264504227,-180.92126484287337,1789.968191293296,-68878.82143515712
18,17,1,1s1,9s1,0.5,0,2S,4353821.79935808,4353.82179935808,True,28115158,Z18,-2.0,-2.0047087754686843,-1.9910624027252197,243.20441155513578,-128.132308024002,371.33671957913776,-54422.772491976
18,17,1,1s1,10s1,0.5,0,2S,4364162.126131555,4364.162126131555,True,28115158,Z18,-1.62,-1.6234555086848361,-1.6005725860595703,528.6468644937269,-94.02918149943888,622.6760459931658,-44082.44571850057
19,18,1,1s1,1s1,0.5,0,2S,0.0,0.0,True,28115158,Z19,-180.5,-181.37544097841317,-181.2410125732422,-20163.979343626637,-23821.962599166323,3657.9832555396856,-4911655.217400834
19,18,1,1s1,2s1,0.5,0,2S,3683741.4130506255,3683.7414130506254,True,28115158,Z19,-45.125,-45.39879221265841,-45.339900970458984,-5847.753311797081,-7450.26564979159,1602.5123379945087,-1227913.8043502085
19,18,1,1s1,3s1,0.5,0,2S,4365915.7488007415,4365.915748800741,True,28115158,Z19,-20.055555555555557,-20.152729744918922,-20.197174072265625,-3853.6361577815624,-2644.2443999073,-1209.3917578742626,-545739.4686000927
19,18,1,1s1,4s1,0.5,0,2S,4604676.766313282,4604.676766313281,True,28115158,Z19,-11.28125,-17.27914016395706,-11.298250198364258,-462.5989639482327,-163210.90591244784,162748.3069484996,-306978.4510875521
19,18,1,1s1,5s1,0.5,0,2S,4715189.008704801,4715.189008704801,True,28115158,Z19,-7.22,-7.251422739592796,-7.140900135040283,2152.416977424339,-855.0563039666705,3007.4732813910096,-196466.20869603334
19,18,1,1s1,6s1,0.5,0,2S,4775220.350250811,4775.220350250811,True,28115158,Z19,-5.013888888888889,-5.032468899675784,-4.930459022521973,2270.242318161332,-505.58784997682255,2775.8301681381545,-136434.86715002317
19,18,1,1s1,7s1,0.5,0,2S,4811417.355821226,4811.417355821226,True,28115158,Z19,-3.683673469387755,-3.6955514905024938,-3.581818103790283,2771.6256944991255,-323.21742039115514,3094.843114890281,-100237.86157960886
19,18,1,1s1,8s1,0.5,0,2S,4834910.604628946,4834.910604628945,True,28115158,Z19,-2.8203125,-2.8283588680215574,-2.737309455871582,2258.627893371168,-218.95282811196603,2477.580721483134,-76744.61277188803
19,18,1,1s1,9s1,0.5,0,2S,4851017.49866749,4851.01749866749,True,28115158,Z19,-2.228395061728395,-2.2340948436231614,-2.2059378623962402,611.0915250304122,-155.09896665637143,766.1904916867836,-60637.71873334363
19,18,1,1s1,10s1,0.5,0,2S,4862538.6652268255,4862.538665226825,True,28115158,Z19,-1.805,-1.8091834298687537,-1.777200698852539,756.4575208920953,-113.83692599166123,870.2944468837566,-49116.552174008335
20,19,1,1s1,1s1,0.5,0,2S,0.0,0.0,True,28115158,Z20,-200.0,-201.07594521417363,-200.69761657714844,-18983.11413239022,-29277.9608024009,10294.846670010682,-5442277.2491976
20,19,1,1s1,2s1,0.5,0,2S,4081707.9368982,4081.7079368982,True,28115158,Z20,-50.0,-50.33651750108652,-50.317100524902344,-8628.744861923213,-9157.107700599947,528.3628386767342,-1360569.3122994
20,19,1,1s1,3s1,0.5,0,2S,4837579.777064533,4837.579777064533,True,28115158,Z20,-22.22222222222222,-22.341658616882658,-22.582563400268555,-9805.382976153105,-3250.0298669333883,-6555.353109219717,-604697.4721330666
20,19,1,1s1,4s1,0.5,0,2S,5102134.92112275,5102.134921122751,True,28115158,Z20,-12.5,-19.926177854314346,-12.536796569824219,-1001.2856740142831,-202076.59392515008,201075.3082511358,-340142.32807485
20,19,1,1s1,5s1,0.5,0,2S,5224586.159229696,5224.586159229696,True,28115158,Z20,-8.0,-10.23708231847509,-7.93379545211792,1801.517523660288,-60874.11103209603,62675.62855575632,-217691.089967904
20,19,1,1s1,6s1,0.5,0,2S,5291102.881164334,5291.102881164334,True,28115158,Z20,-5.555555555555555,-5.577854197794806,-5.471996307373047,2273.762976718609,-606.7769667333448,2880.539943451954,-151174.36803326666
20,19,1,1s1,7s1,0.5,0,2S,5331210.366560914,5331.210366560914,True,28115158,Z20,-4.081632653061225,-4.095892689643209,-3.970790147781372,3016.178223643031,-388.03536331430456,3404.2135869573353,-111066.88263668571
20,19,1,1s1,8s1,0.5,0,2S,5357241.667178888,5357.241667178888,True,28115158,Z20,-3.125,-3.1346622964707014,-3.0228073596954346,2780.8034068248508,-262.924481287502,3043.7278881123525,-85035.5820187125
20,19,1,1s1,9s1,0.5,0,2S,5375088.641182815,5375.088641182815,True,28115158,Z20,-2.4691358024691357,-2.475981495060129,-2.432420253753662,999.0809773301395,-186.28078521481467,1185.3617625449542,-67188.60801478518
20,19,1,1s1,10s1,0.5,0,2S,5387854.476705624,5387.854476705624,True,28115158,Z20,-2.0,-2.005025201832346,-1.9693704843521118,833.4715808222187,-136.74270802400773,970.2142888462265,-54422.772491976
21,20,1,1s1,1s1,0.5,0,2S,0.0,0.0,True,28115158,Z21,-220.5,-221.8092296157789,-225.70126342773438,-141533.58809921157,-35625.95275964583,-105907.63533956575,-6000110.667240354
21,20,1,1s1,2s1,0.5,0,2S,4500083.000430265,4500.083000430265,True,28115158,Z21,-55.125,-55.53451104398639,-55.539180755615234,-11270.432516701307,-11143.363189911483,-127.06932678982255,-1500027.6668100886
21,20,1,1s1,3s1,0.5,0,2S,5333431.704213648,5333.431704213648,True,28115158,Z21,-24.5,-24.645337467835805,-25.260473251342773,-20693.53137203052,-3954.8339732939544,-16738.697398736567,-666678.963026706
21,20,1,1s1,4s1,0.5,0,2S,5625103.750537832,5625.103750537833,True,28115158,Z21,-13.78125,-21.980331784389897,-13.845710754394531,-1754.0664855373582,-223108.381297478,221354.31481194063,-375006.91670252214
21,20,1,1s1,5s1,0.5,0,2S,5760106.24055074,5760.10624055074,True,28115158,Z21,-8.82,-11.965002666779007,-8.783024787902832,1006.1467779033733,-85579.88231038584,86586.02908828923,-240004.42668961416
21,20,1,1s1,6s1,0.5,0,2S,5833440.926483678,5833.440926483678,True,28115158,Z21,-6.125,-6.151571128599893,-6.058472633361816,1810.3018695200699,-723.037243323509,2533.3391128435787,-166669.7407566765
21,20,1,1s1,7s1,0.5,0,2S,5877659.429133408,5877.659429133408,True,28115158,Z21,-4.5,-4.516997255813169,-4.3955607414245605,2841.9370043408976,-462.518893054001,3304.4558973948983,-122451.238106946
21,20,1,1s1,8s1,0.5,0,2S,5906358.938064723,5906.358938064724,True,28115158,Z21,-3.4453125,-3.4568319140252846,-3.3533742427825928,2501.767427925862,-313.4592243694695,2815.2266522953314,-93751.72917563053
21,20,1,1s1,9s1,0.5,0,2S,5926035.226904053,5926.035226904053,True,28115158,Z21,-2.7222222222222223,-2.730384980329854,-2.698784112930298,637.7834448182371,-222.11996369933857,859.9034085175756,-74075.44033630067
21,20,1,1s1,10s1,0.5,0,2S,5940109.56056795,5940.10956056795,True,28115158,Z21,-2.205,-2.2109927607554543,-2.167435884475708,1022.1716565204254,-163.07132759646268,1185.242984116888,-60001.10667240354
22,21,1,1s1,1s1,0.5,0,2S,0.0,0.0,True,28115158,Z22,-242.0,-243.57880264101715,-257.141845703125,-412030.6119048881,-42961.40847090356,-369069.20343398454,-6585155.471529096
22,21,1,1s1,2s1,0.5,0,2S,4938866.603646822,4938.866603646822,True,28115158,Z22,-60.5,-60.993864663719854,-60.91443634033203,-11277.387331148637,-13438.742117725937,2161.3547865773003,-1646288.867882274
22,21,1,1s1,3s1,0.5,0,2S,5853471.530248085,5853.471530248085,True,28115158,Z22,-26.88888888888889,-27.064156832825134,-28.1279239654541,-33715.862040743305,-4769.283718989322,-28946.578321753987,-731683.9412810106
22,21,1,1s1,4s1,0.5,0,2S,6173583.254558528,6173.583254558528,True,28115158,Z22,-15.125,-24.13705858505602,-15.237946510314941,-3073.4311173163383,-245230.6070294315,242157.17591211514,-411572.2169705685
22,21,1,1s1,5s1,0.5,0,2S,6321749.252667932,6321.749252667932,True,28115158,Z22,-9.68,-13.137525364137145,-9.65753173828125,611.3925479048447,-94084.05813883618,94695.45068674102,-263406.2188611638
22,21,1,1s1,6s1,0.5,0,2S,6402234.486208843,6402.234486208843,True,28115158,Z22,-6.722222222222222,-6.753675183567531,-6.6747145652771,1292.7492027756284,-855.8786797473322,2148.6278825229606,-182920.98532025266
22,21,1,1s1,7s1,0.5,0,2S,6450764.543538706,6450.764543538707,True,28115158,Z22,-4.938775510204081,-4.958900799105563,-4.842202663421631,2627.8810346718797,-547.6370096103107,3175.51804428219,-134390.9279903897
22,21,1,1s1,8s1,0.5,0,2S,6482262.417286454,6482.2624172864535,True,28115158,Z22,-3.78125,-3.7948918907145024,-3.6904642581939697,2470.4058859124298,-371.2147573578818,2841.6206432703116,-102893.05424264213
22,21,1,1s1,9s1,0.5,0,2S,6503857.255831206,6503.857255831206,True,28115158,Z22,-2.9876543209876543,-2.997322435641266,-2.96344256401062,658.835470796071,-263.0828021099312,921.9182729060022,-81298.21569789007
22,21,1,1s1,10s1,0.5,0,2S,6519303.916813806,6519.303916813806,True,28115158,Z22,-2.42,-2.4270987116555856,-2.3563244342803955,1732.7004132279487,-193.16578470903727,1925.866197936986,-65851.55471529096
23,22,1,1s1,1s1,0.5,0,2S,0.0,0.0,True,28115158,Z23,-264.5,-266.388299532838,-267.65740966796875,-85917.49401191439,-51383.24793617365,-34534.24607574073,-7197411.662063826
23,22,1,1s1,2s1,0.5,0,2S,5398058.746547869,5398.058746547869,True,28115158,Z23,-66.125,-66.7157216316998,-66.5863265991211,-12553.33627423215,-16074.354484043342,3521.0182098111914,-1799352.9155159565
23,22,1,1s1,3s1,0.5,0,2S,6397699.255167846,6397.699255167846,True,28115158,Z23,-29.38888888888889,-29.598516691473197,-30.24627113342285,-23330.55941646578,-5704.263104019318,-17626.296312446462,-799712.4068959807
23,22,1,1s1,4s1,0.5,0,2S,6747573.433184837,6747.573433184837,True,28115158,Z23,-16.53125,-26.396705390410002,-16.675338745117188,-3920.8544970835064,-268452.7171210109,264531.8626239274,-449838.2288789891
23,22,1,1s1,5s1,0.5,0,2S,6909515.195581272,6909.515195581273,True,28115158,Z23,-10.58,-14.797878224942291,-10.585583686828613,-151.93985897002986,-114774.31351744695,114622.37365847692,-287896.46648255305
23,22,1,1s1,6s1,0.5,0,2S,6997483.560339831,6997.483560339831,True,28115158,Z23,-7.347222222222222,-7.384224830869302,-7.30374813079834,1182.9902934286606,-1006.8922760048185,2189.882569433479,-199928.10172399518
23,22,1,1s1,7s1,0.5,0,2S,7050525.7097768085,7050.525709776808,True,28115158,Z23,-5.3979591836734695,-5.421640803829009,-5.304710388183594,2537.428991048153,-644.4097129831517,3181.8387040313046,-146885.95228701687
23,22,1,1s1,8s1,0.5,0,2S,7084952.104844078,7084.952104844078,True,28115158,Z23,-4.1328125,-4.148867646044503,-4.03645133972168,2622.1207514449306,-436.88278025272604,3059.0035316976564,-112459.55721974728
23,22,1,1s1,9s1,0.5,0,2S,7108554.727964273,7108.554727964272,True,28115158,Z23,-3.265432098765432,-3.276811915936351,-3.234639883041382,837.8988754369126,-309.6606004466083,1147.559475883521,-88856.9340995534
23,22,1,1s1,10s1,0.5,0,2S,7125437.545443188,7125.437545443188,True,28115158,Z23,-2.645,-2.6533563136881817,-2.563446521759033,2219.183196118726,-227.3868793617483,2446.5700754804743,-71974.11662063826
24,23,1,1s1,1s1,0.5,0,2S,0.0,0.0,True,28115158,Z24,-288.0,-290.241594037292,-309.6993713378906,-590469.9747704632,-60996.88115545556,-529473.0936150076,-7836879.238844544
24,23,1,1s1,2s1,0.5,0,2S,5877659.429133408,5877.659429133408,True,28115158,Z24,-72.0,-72.70129173561224,-72.56780242919922,-15450.691212350197,-19083.12028886408,3632.429076513882,-1959219.809711136
24,23,1,1s1,3s1,0.5,0,2S,6966114.878972928,6966.114878972928,True,28115158,Z24,-32.0,-32.248845981868435,-33.07284164428711,-29193.5083634774,-6771.444128384105,-22422.064235093294,-870764.359871616
24,23,1,1s1,4s1,0.5,0,2S,7347074.28641676,7347.07428641676,True,28115158,Z24,-18.0,-28.759637598962225,-18.26619529724121,-7243.543050096175,-292784.65457221604,285541.1115221199,-489804.952427784
24,23,1,1s1,5s1,0.5,0,2S,7523404.069290763,7523.404069290763,True,28115158,Z24,-11.52,-16.12061072649968,-11.552177429199219,-875.5924543428854,-125188.9954462183,124313.40299187541,-313475.16955378174
24,23,1,1s1,6s1,0.5,0,2S,7619188.14887664,7619.18814887664,True,28115158,Z24,-8.0,-8.043281515371884,-7.970588684082031,800.3226774466228,-1177.7500320960075,1978.0727095426303,-217691.089967904
24,23,1,1s1,7s1,0.5,0,2S,7676942.927847716,7676.942927847716,True,28115158,Z24,-5.877551020408164,-5.905256702006202,-5.7936530113220215,2282.981130512423,-753.9100031725889,3036.891133685012,-159936.31099682744
24,23,1,1s1,8s1,0.5,0,2S,7714428.000737598,7714.428000737598,True,28115158,Z24,-4.5,-4.518785992320747,-4.39663553237915,2812.690452541859,-511.19289305400395,3323.883345595863,-122451.238106946
24,23,1,1s1,9s1,0.5,0,2S,7740127.643303254,7740.1276433032535,True,28115158,Z24,-3.5555555555555554,-3.5688723985650794,-3.5183041095733643,1013.6634848429599,-362.36975870934475,1376.0332435523046,-96751.59554129066
24,23,1,1s1,10s1,0.5,0,2S,7758510.446456099,7758.510446456099,True,28115158,Z24,-2.88,-2.8897795021962103,-2.7960596084594727,2284.1344158487505,-266.1138115545685,2550.2482274033187,-78368.79238844544
25,24,1,1s1,1s1,0.5,0,2S,0.0,0.0,True,28115158,Z25,-312.5,-315.14266831093005,-315.0325622558594,-68914.52973620014,-71910.66812875026,2996.138392550119,-8503558.20187125
25,24,1,1s1,2s1,0.5,0,2S,6377668.651403437,6377.668651403437,True,28115158,Z25,-78.125,-78.95183621219427,-78.8359146118164,-19344.972090052855,-22499.35953218786,3154.387442135006,-2125889.5504678125
25,24,1,1s1,3s1,0.5,0,2S,7558718.401663333,7558.718401663333,True,28115158,Z25,-34.72222222222222,-35.015590840782046,-36.099369049072266,-37474.07422285331,-7982.966792083315,-29491.107430769996,-944839.8002079166
25,24,1,1s1,4s1,0.5,0,2S,7972085.814254297,7972.085814254297,True,28115158,Z25,-19.53125,-32.50975665124114,-19.901805877685547,-10083.339113422502,-353163.1573830469,343079.81826962443,-531472.3876169531
25,24,1,1s1,5s1,0.5,0,2S,8163415.8737964,8163.4158737964,True,28115158,Z25,-12.5,-17.501037826406737,-12.558526039123535,-1592.5746560383202,-136085.17192515,134492.5972691117,-340142.32807485
25,24,1,1s1,6s1,0.5,0,2S,8267348.251819272,8267.348251819272,True,28115158,Z25,-8.680555555555555,-10.912516264906609,-8.663508415222168,463.8763200013649,-60734.744948020874,61198.62126802224,-236209.95005197916
25,24,1,1s1,7s1,0.5,0,2S,8330016.197751428,8330.016197751427,True,28115158,Z25,-6.377551020408164,-6.409789799875266,-6.310856819152832,1814.8416707264844,-877.2618801785629,2692.103550905047,-173542.00411982145
25,24,1,1s1,8s1,0.5,0,2S,8370690.104967012,8370.690104967012,True,28115158,Z25,-4.8828125,-4.904674895777408,-4.775949478149414,2907.8909629897494,-594.9060957617003,3502.7970587514496,-132868.09690423828
25,24,1,1s1,9s1,0.5,0,2S,8398576.001848148,8398.576001848149,True,28115158,Z25,-3.8580246913580245,-3.8735237906352746,-3.811265230178833,1272.3897588012615,-421.7519768981667,1694.141735699428,-104982.20002310185
25,24,1,1s1,10s1,0.5,0,2S,8418522.619852537,8418.522619852538,True,28115158,Z25,-3.125,-3.13638290708483,-3.046231508255005,2143.3998528869793,-309.74468128750624,2453.1445341744857,-85035.5820187125
26,25,1,1s1,1s1,0.5,0,2S,0.0,0.0,True,28115158,Z26,-338.0,-341.09582937431117,-341.12420654296875,-85013.99095296556,-84241.80885605648,-772.182096909081,-9197448.551143944
26,25,1,1s1,2s1,0.5,0,2S,6898086.413357958,6898.086413357958,True,28115158,Z26,-84.5,-85.46869383925271,-85.599365234375,-29915.25201798925,-26359.502214014457,-3555.7498039747934,-2299362.137785986
26,25,1,1s1,3s1,0.5,0,2S,8175509.823239062,8175.509823239062,True,28115158,Z26,-37.55555555555556,-37.899221328794,-39.16764831542969,-43867.278753295745,-9351.622095117367,-34515.65665817838,-1021938.7279048827
26,25,1,1s1,4s1,0.5,0,2S,8622608.016697448,8622.608016697448,True,28115158,Z26,-21.125,-35.18642355610119,-21.340986251831055,-5877.285322398062,-382630.82755350356,376753.5422311055,-574840.5344464965
26,25,1,1s1,5s1,0.5,0,2S,8829550.609098187,8829.550609098187,True,28115158,Z26,-13.52,-13.603966062353003,-13.577794075012207,-1572.6568978867808,-2284.8329542422757,712.176056355495,-367897.9420457577
26,25,1,1s1,6s1,0.5,0,2S,8941963.869167723,8941.963869167723,True,28115158,Z26,-9.38888888888889,-12.091901016197319,-9.382208824157715,181.7738215481897,-73552.70702377937,73734.48084532756,-255484.6819762207
26,25,1,1s1,7s1,0.5,0,2S,9009745.519487945,9009.745519487946,True,28115158,Z26,-6.8979591836734695,-6.935283424887049,-6.849499225616455,1318.6626361537976,-1015.6443440011408,2334.306980154938,-187703.03165599887
26,25,1,1s1,8s1,0.5,0,2S,9053738.41753232,9053.738417532319,True,28115158,Z26,-5.28125,-5.303078156162513,-5.183984279632568,2646.7350854124443,-593.9743883758932,3240.7094737883376,-143710.13361162413
26,25,1,1s1,9s1,0.5,0,2S,9083899.803598957,9083.899803598957,True,28115158,Z26,-4.172839506172839,-4.190786899613151,-4.122960090637207,1357.2880418642264,-488.37345501303633,1845.6614968772628,-113548.74754498697
26,25,1,1s1,10s1,0.5,0,2S,9105474.065632505,9105.474065632505,True,28115158,Z26,-3.38,-3.3931818270968632,-3.314345598220825,1786.5472855624046,-358.69578856057876,2145.243074122983,-91974.48551143943
